{
  "best_model": "RandomForest",
  "results": {
    "RandomForest": {
      "accuracy": 1.0,
      "precision_macro": 1.0,
      "recall_macro": 1.0,
      "f1_macro": 1.0,
      "classification_report": {
        "0": {
          "precision": 1.0,
          "recall": 1.0,
          "f1-score": 1.0,
          "support": 36.0
        },
        "1": {
          "precision": 1.0,
          "recall": 1.0,
          "f1-score": 1.0,
          "support": 39.0
        },
        "2": {
          "precision": 1.0,
          "recall": 1.0,
          "f1-score": 1.0,
          "support": 45.0
        },
        "3": {
          "precision": 1.0,
          "recall": 1.0,
          "f1-score": 1.0,
          "support": 44.0
        },
        "4": {
          "precision": 1.0,
          "recall": 1.0,
          "f1-score": 1.0,
          "support": 36.0
        },
        "accuracy": 1.0,
        "macro avg": {
          "precision": 1.0,
          "recall": 1.0,
          "f1-score": 1.0,
          "support": 200.0
        },
        "weighted avg": {
          "precision": 1.0,
          "recall": 1.0,
          "f1-score": 1.0,
          "support": 200.0
        }
      }
    },
    "LogReg_OvR": {
      "accuracy": 1.0,
      "precision_macro": 1.0,
      "recall_macro": 1.0,
      "f1_macro": 1.0,
      "classification_report": {
        "0": {
          "precision": 1.0,
          "recall": 1.0,
          "f1-score": 1.0,
          "support": 36.0
        },
        "1": {
          "precision": 1.0,
          "recall": 1.0,
          "f1-score": 1.0,
          "support": 39.0
        },
        "2": {
          "precision": 1.0,
          "recall": 1.0,
          "f1-score": 1.0,
          "support": 45.0
        },
        "3": {
          "precision": 1.0,
          "recall": 1.0,
          "f1-score": 1.0,
          "support": 44.0
        },
        "4": {
          "precision": 1.0,
          "recall": 1.0,
          "f1-score": 1.0,
          "support": 36.0
        },
        "accuracy": 1.0,
        "macro avg": {
          "precision": 1.0,
          "recall": 1.0,
          "f1-score": 1.0,
          "support": 200.0
        },
        "weighted avg": {
          "precision": 1.0,
          "recall": 1.0,
          "f1-score": 1.0,
          "support": 200.0
        }
      }
    }
  }
}